{
    "lr": 3.90603025127821e-05,
    "gamma": 0.9669279733375592,
    "hidden_size": 128,
    "dropout_rate": 0.3401822413014132,
    "batch_size": 64,
    "tau": 0.00760807501384331
}