{
    "lr": 0.0007450484910776674,
    "gamma": 0.9679887823409334,
    "hidden_size": 256,
    "dropout_rate": 0.3038351235819447,
    "batch_size": 128,
    "tau": 0.0063410611281925775
}